frame,ego_.x_,ego_.y_,ego_.length_,ego_.width_,ego_.speed_,ego_.speed_x_,ego_.speed_y_,ego_.acc_,ego_.init_q_,ego_.lane_posi_,ego_.absolute_theta_,ego_.relative_theta_,sur_x,sur_y,sur_len,sur_wid,sur_vx,sur_vy,sur_ax,sur_ay,sur_heading
0,3797.41,-7263.55,4.394,1.808,0,0,0,0,-1.75,4,-1.57,8.74228e-08,3826.41,-7267.05,4.394,1.808,0,0,0,0,-1.57
1,3797.41,-7263.55,4.394,1.808,0,0,0,0,-1.75,4,-1.57,8.74228e-08,3826.41,-7267.05,4.394,1.808,0,0,0,0,-1.57
2,3797.41,-7263.55,4.394,1.808,0,0,0,0,-1.75,4,-1.57,8.74228e-08,3826.5,-7267.05,4.394,1.808,5.55556,7.38972e-06,4.35168e-18,-3.27157e-12,-1.57
3,3797.68,-7263.55,4.394,1.808,16.7003,16.7003,2.23649e-05,4,-1.75,4,-1.57,8.74228e-08,3826.59,-7267.05,4.394,1.808,5.55556,7.38972e-06,4.21079e-18,-3.16565e-12,-1.57
4,3797.96,-7263.55,4.394,1.808,16.767,16.767,2.253e-05,4,-1.75,4,-1.57,8.74228e-08,3826.68,-7267.05,4.394,1.808,5.55556,7.38972e-06,-4.62889e-18,3.47998e-12,-1.57
5,3798.24,-7263.55,4.394,1.808,16.7835,16.7835,2.25698e-05,-2.01996,-1.75,4,-1.57,8.74228e-08,3826.78,-7267.05,4.394,1.808,5.55556,7.38972e-06,-4.47903e-18,3.36732e-12,-1.57
6,3798.52,-7263.55,4.394,1.808,16.7656,16.7656,2.25796e-05,-0.130777,-1.75,4,-1.57,8.74228e-08,3826.87,-7267.05,4.394,1.808,5.55556,7.38972e-06,-4.33403e-18,3.2583e-12,-1.57
7,3798.8,-7263.55,4.394,1.808,16.7632,16.7632,2.26086e-05,-0.152219,-1.75,4,-1.57,8.74228e-08,3826.96,-7267.05,4.394,1.808,5.55556,7.38972e-06,-4.19372e-18,3.15282e-12,-1.57
8,3799.08,-7263.55,4.394,1.808,16.7609,16.7609,2.26346e-05,-0.129614,-1.75,4,-1.57,8.74228e-08,3827.05,-7267.05,4.394,1.808,5.55556,7.38972e-06,-4.05795e-18,3.05075e-12,-1.57
9,3799.36,-7263.55,4.394,1.808,16.7587,16.7587,2.26576e-05,-0.126886,-1.75,4,-1.57,8.74228e-08,3827.15,-7267.05,4.394,1.808,5.55556,7.38972e-06,-3.92657e-18,2.95198e-12,-1.57
10,3799.64,-7263.55,4.394,1.808,16.7566,16.7566,2.26776e-05,-0.124162,-1.75,4,-1.57,8.74228e-08,3827.24,-7267.05,4.394,1.808,5.55556,7.38972e-06,-3.79946e-18,2.85641e-12,-1.57
11,3799.92,-7263.55,4.394,1.808,16.7546,16.7546,2.26949e-05,-0.121699,-1.75,4,-1.57,8.74228e-08,3827.33,-7267.05,4.394,1.808,5.55556,7.38972e-06,-3.67645e-18,2.76394e-12,-1.57
12,3800.2,-7263.55,4.394,1.808,16.7526,16.7526,2.27095e-05,-0.119286,-1.75,4,-1.57,8.74228e-08,3827.42,-7267.05,4.394,1.808,5.55556,7.38972e-06,-3.55743e-18,2.67446e-12,-1.57
13,3800.48,-7263.55,4.394,1.808,16.7506,16.7506,2.27217e-05,-0.116921,-1.75,4,-1.57,8.74228e-08,3827.52,-7267.05,4.394,1.808,5.55556,7.38972e-06,-3.44226e-18,2.58788e-12,-1.57
14,3800.76,-7263.55,4.394,1.808,16.7487,16.7487,2.27316e-05,-0.114601,-1.75,4,-1.57,8.74228e-08,3827.61,-7267.05,4.394,1.808,5.55556,7.38972e-06,-3.33082e-18,2.5041e-12,-1.57
15,3801.04,-7263.55,4.394,1.808,16.7468,16.7468,2.27394e-05,-0.112324,-1.75,4,-1.57,8.74228e-08,3827.7,-7267.05,4.394,1.808,5.55556,7.38972e-06,-3.22298e-18,2.42302e-12,-1.57
16,3801.31,-7263.55,4.394,1.808,16.7449,16.7449,2.27452e-05,-0.11009,-1.75,4,-1.57,8.74228e-08,3827.79,-7267.05,4.394,1.808,5.55556,7.38972e-06,-3.11865e-18,2.34458e-12,-1.57
17,3801.59,-7263.55,4.394,1.808,16.7431,16.7431,2.27491e-05,-0.107899,-1.75,4,-1.57,8.74228e-08,3827.89,-7267.05,4.394,1.808,5.55556,7.38972e-06,-3.01768e-18,2.26868e-12,-1.57
18,3801.87,-7263.55,4.394,1.808,16.7413,16.7413,2.27513e-05,-0.105748,-1.75,4,-1.57,8.74228e-08,3827.98,-7267.05,4.394,1.808,5.55556,7.38972e-06,-2.91999e-18,2.19523e-12,-1.57
19,3802.15,-7263.55,4.394,1.808,16.7396,16.7396,2.27519e-05,-0.10364,-1.75,4,-1.57,8.74228e-08,3828.07,-7267.05,4.394,1.808,5.55556,7.38972e-06,-2.82546e-18,2.12416e-12,-1.57
20,3802.43,-7263.55,4.394,1.808,16.7379,16.7379,2.2751e-05,-0.101572,-1.75,4,-1.57,8.74228e-08,3828.17,-7267.05,4.394,1.808,5.55556,0.00030086,-2.44247e-07,0.0088041,-1.56997
21,3802.71,-7263.55,4.394,1.808,16.7362,16.7362,2.27488e-05,-0.0995413,-1.75,4,-1.57,8.74228e-08,3828.26,-7267.05,4.394,1.808,5.55556,0.00130085,-4.50486e-06,0.0344019,-1.56987
22,3802.99,-7263.55,4.394,1.808,16.7346,16.7346,2.27453e-05,-0.0975488,-1.75,4,-1.57,8.74228e-08,3828.35,-7267.05,4.394,1.808,5.55555,0.00323442,-2.6817e-05,0.0752079,-1.56964
23,3803.27,-7263.55,4.394,1.808,16.733,16.733,2.27407e-05,-0.0955943,-1.75,4,-1.57,8.74228e-08,3828.44,-7267.05,4.394,1.808,5.55555,0.00630498,-9.67371e-05,0.129721,-1.56925
24,3803.55,-7263.55,4.394,1.808,16.7314,16.7314,2.2735e-05,-0.0936782,-1.75,4,-1.57,8.74228e-08,3828.54,-7267.05,4.394,1.808,5.55555,0.0106935,-0.000262404,0.196516,-1.56866
25,3803.82,-7263.55,4.394,1.808,16.7298,16.7298,2.27284e-05,-0.0917981,-1.75,4,-1.57,8.74228e-08,3828.63,-7267.05,4.394,1.808,5.55553,0.0165596,-0.000591813,0.27424,-1.56784
26,3804.1,-7263.55,4.394,1.808,16.7283,16.7283,2.27209e-05,-0.0899542,-1.75,4,-1.57,8.74228e-08,3828.72,-7267.05,4.394,1.808,5.55551,0.0240425,-0.00117263,0.361606,-1.56676
27,3804.38,-7263.55,4.394,1.808,16.7268,16.7268,2.27127e-05,-0.0881466,-1.75,4,-1.57,8.74228e-08,3828.81,-7267.05,4.394,1.808,5.55546,0.0332619,-0.00211085,0.457385,-1.56538
28,3804.66,-7263.55,4.394,1.808,16.7254,16.7254,2.27037e-05,-0.0863729,-1.75,4,-1.57,8.74228e-08,3828.91,-7267.05,4.394,1.808,5.55539,0.044319,-0.00352848,0.560404,-1.5637
29,3804.94,-7263.55,4.394,1.808,16.724,16.724,2.26942e-05,-0.0846334,-1.75,4,-1.57,8.74228e-08,3829,-7267.05,4.394,1.808,5.55527,0.057297,-0.00556061,0.66954,-1.5617
30,3805.22,-7263.55,4.394,1.808,16.7226,16.7226,2.26841e-05,-0.0829282,-1.75,4,-1.57,8.74228e-08,3829.09,-7267.04,4.394,1.808,5.5551,0.0722621,-0.0083518,0.783719,-1.55934
31,3805.5,-7263.55,4.394,1.808,16.7212,16.7212,2.26735e-05,-0.0812549,-1.75,4,-1.57,8.74228e-08,3829.18,-7267.04,4.394,1.808,5.55486,0.0892642,-0.0120523,0.901913,-1.55664
32,3805.78,-7263.55,4.394,1.808,16.7199,16.7199,2.26626e-05,-0.0796138,-1.75,4,-1.57,8.74228e-08,3829.28,-7267.04,4.394,1.808,5.55453,0.108337,-0.0168137,1.02314,-1.55357
33,3806.05,-7263.55,4.394,1.808,16.7185,16.7185,2.26512e-05,-0.0780048,-1.75,4,-1.57,8.74228e-08,3829.37,-7267.04,4.394,1.808,5.55408,0.129501,-0.0227853,1.14645,-1.55013
34,3806.33,-7263.55,4.394,1.808,16.7173,16.7173,2.26396e-05,-0.0764257,-1.75,4,-1.57,8.74228e-08,3829.46,-7267.04,4.394,1.808,5.5535,0.152759,-0.0301092,1.27095,-1.54631
35,3806.61,-7263.55,4.394,1.808,16.716,16.716,2.26277e-05,-0.0748766,-1.75,4,-1.57,8.74228e-08,3829.55,-7267.03,4.394,1.808,5.55275,0.178104,-0.0389172,1.39578,-1.54213
36,3806.89,-7263.55,4.394,1.808,16.7148,16.7148,2.26156e-05,-0.0733576,-1.75,4,-1.57,8.74228e-08,3829.65,-7267.03,4.394,1.808,5.55181,0.205513,-0.0493265,1.52012,-1.53756
37,3807.17,-7263.55,4.394,1.808,16.7135,16.7135,2.26034e-05,-0.0718689,-1.75,4,-1.57,8.74228e-08,3829.74,-7267.03,4.394,1.808,5.55065,0.234954,-0.0614365,1.64321,-1.53263
38,3807.45,-7263.55,4.394,1.808,16.7124,16.7124,2.2591e-05,-0.070408,-1.75,4,-1.57,8.74228e-08,3829.83,-7267.02,4.394,1.808,5.54924,0.266381,-0.0753263,1.76431,-1.52733
39,3807.73,-7263.55,4.394,1.808,16.7112,16.7112,2.25786e-05,-0.0689751,-1.75,4,-1.57,8.74228e-08,3829.92,-7267.02,4.394,1.808,5.54755,0.299738,-0.091052,1.88276,-1.52168
40,3808,-7263.55,4.394,1.808,16.7101,16.7101,2.25662e-05,-0.0675703,-1.75,4,-1.57,8.74228e-08,3830.02,-7267.01,4.394,1.808,5.54555,0.334961,-0.108645,1.9979,-1.51567
41,3808.28,-7263.55,4.394,1.808,16.7089,16.7089,2.25537e-05,-0.0661937,-1.75,4,-1.57,8.74228e-08,3830.11,-7267.01,4.394,1.808,5.5432,0.371975,-0.12811,2.10917,-1.50933
42,3808.56,-7263.55,4.394,1.808,16.7079,16.7079,2.25413e-05,-0.0648429,-1.75,4,-1.57,8.74228e-08,3830.2,-7267,4.394,1.808,5.54048,0.410698,-0.149427,2.21602,-1.50267
43,3808.84,-7263.55,4.394,1.808,16.7068,16.7068,2.25289e-05,-0.0635205,-1.75,4,-1.57,8.74228e-08,3830.29,-7266.99,4.394,1.808,5.53735,0.45104,-0.172547,2.31798,-1.4957
44,3809.12,-7263.55,4.394,1.808,16.7057,16.7057,2.25167e-05,-0.0622216,-1.75,4,-1.57,8.74228e-08,3830.39,-7266.98,4.394,1.808,5.53379,0.492905,-0.197395,2.4146,-1.48843
45,3809.4,-7263.55,4.394,1.808,16.7047,16.7047,2.25045e-05,-0.0609489,-1.75,4,-1.57,8.74228e-08,3830.48,-7266.97,4.394,1.808,5.52978,0.536192,-0.223874,2.50551,-1.48088
46,3809.68,-7263.55,4.394,1.808,16.7037,16.7037,2.24925e-05,-0.0597023,-1.75,4,-1.57,8.74228e-08,3830.57,-7266.96,4.394,1.808,5.52528,0.580796,-0.251859,2.59038,-1.47308
47,3809.95,-7263.55,4.394,1.808,16.7027,16.7027,2.24806e-05,-0.0584796,-1.75,4,-1.57,8.74228e-08,3830.66,-7266.95,4.394,1.808,5.52029,0.626606,-0.281205,2.66894,-1.46503
48,3810.23,-7263.55,4.394,1.808,16.7018,16.7018,2.24689e-05,-0.0572808,-1.75,4,-1.57,8.74228e-08,3830.75,-7266.94,4.394,1.808,5.51477,0.67351,-0.311748,2.74095,-1.45675
49,3810.51,-7263.55,4.394,1.808,16.7008,16.7008,2.24573e-05,-0.056106,-1.75,4,-1.57,8.74228e-08,3830.85,-7266.93,4.394,1.808,5.50872,0.721392,-0.343306,2.80623,-1.44827
50,3810.79,-7263.55,4.394,1.808,16.6999,16.6999,2.2446e-05,-0.0549528,-1.75,4,-1.57,8.74228e-08,3830.94,-7266.92,4.394,1.808,5.50213,0.770137,-0.375684,2.86467,-1.4396
51,3811.07,-7263.55,4.394,1.808,16.699,16.699,2.24349e-05,-0.0538237,-1.75,4,-1.57,8.74228e-08,3831.03,-7266.9,4.394,1.808,5.49498,0.819628,-0.408672,2.91616,-1.43077
52,3811.35,-7263.55,4.394,1.808,16.6981,16.6981,2.2424e-05,-0.0527164,-1.75,4,-1.57,8.74228e-08,3831.12,-7266.89,4.394,1.808,5.48728,0.869747,-0.442055,2.96067,-1.42179
53,3811.62,-7263.55,4.394,1.808,16.6972,16.6972,2.24133e-05,-0.0516309,-1.75,4,-1.57,8.74228e-08,3831.21,-7266.87,4.394,1.808,5.47902,0.920378,-0.475611,2.9982,-1.41268
54,3811.9,-7263.55,4.394,1.808,16.6964,16.6964,2.24029e-05,-0.0505674,-1.75,4,-1.57,8.74228e-08,3831.3,-7266.86,4.394,1.808,5.47021,0.971405,-0.509114,3.02878,-1.40346
55,3812.18,-7263.55,4.394,1.808,16.6955,16.6955,2.23927e-05,-0.0495233,-1.75,4,-1.57,8.74228e-08,3831.39,-7266.84,4.394,1.808,5.46085,1.02272,-0.542337,3.05248,-1.39416
56,3812.46,-7263.55,4.394,1.808,16.6947,16.6947,2.23827e-05,-0.0484987,-1.75,4,-1.57,8.74228e-08,3831.48,-7266.82,4.394,1.808,5.45096,1.0742,-0.575056,3.0694,-1.3848
57,3812.74,-7263.55,4.394,1.808,16.6939,16.6939,2.23731e-05,-0.0474964,-1.75,4,-1.57,8.74228e-08,3831.58,-7266.8,4.394,1.808,5.44055,1.12575,-0.607052,3.07967,-1.37538
58,3813.02,-7263.55,4.394,1.808,16.6931,16.6931,2.23636e-05,-0.0465137,-1.75,4,-1.57,8.74228e-08,3831.67,-7266.78,4.394,1.808,5.42964,1.17725,-0.638111,3.08344,-1.36593
59,3813.29,-7263.55,4.394,1.808,16.6924,16.6924,2.23545e-05,-0.0455507,-1.75,4,-1.57,8.74228e-08,3831.76,-7266.76,4.394,1.808,5.41825,1.22861,-0.668027,3.08087,-1.35648
60,3813.57,-7263.55,4.394,1.808,16.6916,16.6916,2.23456e-05,-0.0446052,-1.75,4,-1.57,8.74228e-08,3831.85,-7266.74,4.394,1.808,5.40641,1.27972,-0.696603,3.07218,-1.34702
61,3813.85,-7263.55,4.394,1.808,16.6909,16.6909,2.2337e-05,-0.0436795,-1.75,4,-1.57,8.74228e-08,3831.94,-7266.72,4.394,1.808,5.39414,1.33049,-0.723653,3.05754,-1.3376
62,3814.13,-7263.55,4.394,1.808,16.6902,16.6902,2.23286e-05,-0.0427713,-1.75,4,-1.57,8.74228e-08,3832.03,-7266.7,4.394,1.808,5.38147,1.38083,-0.749004,3.03719,-1.32821
63,3814.41,-7263.55,4.394,1.808,16.6895,16.6895,2.23206e-05,-0.0418806,-1.75,4,-1.57,8.74228e-08,3832.12,-7266.67,4.394,1.808,5.36844,1.43064,-0.772493,3.01135,-1.31889
64,3814.68,-7263.55,4.394,1.808,16.6888,16.6888,2.23127e-05,-0.0410075,-1.75,4,-1.57,8.74228e-08,3832.2,-7266.65,4.394,1.808,5.35508,1.47986,-0.793972,2.98024,-1.30963
65,3814.96,-7263.55,4.394,1.808,16.6881,16.6881,2.23052e-05,-0.040152,-1.75,4,-1.57,8.74228e-08,3832.29,-7266.62,4.394,1.808,5.34143,1.52838,-0.813306,2.94409,-1.30047
66,3815.24,-7263.55,4.394,1.808,16.6874,16.6874,2.22979e-05,-0.0393142,-1.75,4,-1.57,8.74228e-08,3832.38,-7266.6,4.394,1.808,5.32752,1.57615,-0.830371,2.90314,-1.29141
67,3815.52,-7263.55,4.394,1.808,16.6868,16.6868,2.22909e-05,-0.0384917,-1.75,4,-1.57,8.74228e-08,3832.47,-7266.57,4.394,1.808,5.31341,1.62308,-0.84506,2.85762,-1.28247
68,3815.8,-7263.55,4.394,1.808,16.6861,16.6861,2.22841e-05,-0.037687,-1.75,4,-1.57,8.74228e-08,3832.56,-7266.54,4.394,1.808,5.29912,1.66911,-0.857275,2.80776,-1.27367
69,3816.07,-7263.55,4.394,1.808,16.6855,16.6855,2.22776e-05,-0.0368977,-1.75,4,-1.57,8.74228e-08,3832.65,-7266.51,4.394,1.808,5.28471,1.71417,-0.866935,2.75377,-1.26501
70,3816.35,-7263.55,4.394,1.808,16.6849,16.6849,2.22713e-05,-0.0361238,-1.75,4,-1.57,8.74228e-08,3832.73,-7266.48,4.394,1.808,5.27022,1.75819,-0.873967,2.69587,-1.2565
71,3816.63,-7263.55,4.394,1.808,16.6843,16.6843,2.22653e-05,-0.0353653,-1.75,4,-1.57,8.74228e-08,3832.82,-7266.45,4.394,1.808,5.25569,1.80113,-0.878313,2.63426,-1.24817
72,3816.91,-7263.55,4.394,1.808,16.6837,16.6837,2.22595e-05,-0.0346224,-1.75,4,-1.57,8.74228e-08,3832.91,-7266.42,4.394,1.808,5.24117,1.84292,-0.879924,2.56915,-1.24003
73,3817.19,-7263.55,4.394,1.808,16.6832,16.6832,2.22539e-05,-0.033895,-1.75,4,-1.57,8.74228e-08,3833,-7266.39,4.394,1.808,5.22671,1.88352,-0.878763,2.50071,-1.23207
74,3817.47,-7263.55,4.394,1.808,16.6826,16.6826,2.22486e-05,-0.0331808,-1.75,4,-1.57,8.74228e-08,3833.08,-7266.36,4.394,1.808,5.21235,1.92287,-0.874803,2.42912,-1.22433
75,3817.74,-7263.55,4.394,1.808,16.6821,16.6821,2.22435e-05,-0.0324822,-1.75,4,-1.57,8.74228e-08,3833.17,-7266.33,4.394,1.808,5.19815,1.96092,-0.868025,2.35455,-1.2168
76,3818.02,-7263.55,4.394,1.808,16.6815,16.6815,2.22386e-05,-0.0317968,-1.75,4,-1.57,8.74228e-08,3833.26,-7266.29,4.394,1.808,5.18414,1.99764,-0.85842,2.27713,-1.2095
77,3818.3,-7263.55,4.394,1.808,16.681,16.681,2.2234e-05,-0.0311246,-1.75,4,-1.57,8.74228e-08,3833.34,-7266.26,4.394,1.808,5.17038,2.03297,-0.845985,2.19701,-1.20244
78,3818.58,-7263.55,4.394,1.808,16.6805,16.6805,2.22295e-05,-0.0304658,-1.75,4,-1.57,8.74228e-08,3833.43,-7266.23,4.394,1.808,5.1569,2.06687,-0.830727,2.1143,-1.19562
79,3818.86,-7263.55,4.394,1.808,16.68,16.68,2.22253e-05,-0.0298202,-1.75,4,-1.57,8.74228e-08,3833.51,-7266.19,4.394,1.808,5.14377,2.09932,-0.812659,2.02912,-1.18906
80,3819.13,-7263.55,4.394,1.808,16.6795,16.6795,2.22212e-05,-0.029188,-1.75,4,-1.57,8.74228e-08,3833.6,-7266.16,4.394,1.808,5.13103,2.13026,-0.791799,1.94156,-1.18277
81,3819.41,-7263.55,4.394,1.808,16.679,16.679,2.22173e-05,-0.0285693,-1.75,4,-1.57,8.74228e-08,3833.69,-7266.12,4.394,1.808,5.11871,2.15966,-0.768172,1.8517,-1.17676
82,3819.69,-7263.55,4.394,1.808,16.6785,16.6785,2.22137e-05,-0.0279614,-1.75,4,-1.57,8.74228e-08,3833.77,-7266.08,4.394,1.808,5.10687,2.18749,-0.74181,1.7596,-1.17103
83,3819.97,-7263.55,4.394,1.808,16.6781,16.6781,2.22102e-05,-0.0273671,-1.75,4,-1.57,8.74228e-08,3833.86,-7266.05,4.394,1.808,5.09555,2.2137,-0.712748,1.66532,-1.1656
84,3820.25,-7263.55,4.394,1.808,16.6776,16.6776,2.22068e-05,-0.0267837,-1.75,4,-1.57,8.74228e-08,3833.94,-7266.01,4.394,1.808,5.0848,2.23827,-0.681028,1.56891,-1.16047
85,3820.52,-7263.55,4.394,1.808,16.6772,16.6772,2.22037e-05,-0.0262115,-1.75,4,-1.57,8.74228e-08,3834.03,-7265.97,4.394,1.808,5.07465,2.26116,-0.646696,1.47038,-1.15565
86,3820.8,-7263.55,4.394,1.808,16.6768,16.6768,2.22007e-05,-0.0256503,-1.75,4,-1.57,8.74228e-08,3834.11,-7265.93,4.394,1.808,5.06515,2.28234,-0.609803,1.36974,-1.15115
87,3821.08,-7263.55,4.394,1.808,16.6763,16.6763,2.21978e-05,-0.0251002,-1.75,4,-1.57,8.74228e-08,3834.19,-7265.89,4.394,1.808,5.05634,2.30176,-0.570407,1.26701,-1.14698
88,3821.36,-7263.55,4.394,1.808,16.6759,16.6759,2.21952e-05,-0.0245612,-1.75,4,-1.57,8.74228e-08,3834.28,-7265.86,4.394,1.808,5.04827,2.3194,-0.528569,1.16217,-1.14315
89,3821.63,-7263.55,4.394,1.808,16.6755,16.6755,2.21926e-05,-0.0240335,-1.75,4,-1.57,8.74228e-08,3834.36,-7265.82,4.394,1.808,5.04097,2.33522,-0.484358,1.05519,-1.13967
90,3821.91,-7263.55,4.394,1.808,16.6751,16.6751,2.21902e-05,-0.0235169,-1.75,4,-1.57,8.74228e-08,3834.45,-7265.78,4.394,1.808,5.03447,2.34918,-0.437846,0.946048,-1.13654
91,3822.19,-7263.55,4.394,1.808,16.6747,16.6747,2.21879e-05,-0.0230117,-1.75,4,-1.57,8.74228e-08,3834.53,-7265.74,4.394,1.808,5.02881,2.36124,-0.389116,0.834699,-1.13378
92,3822.47,-7263.55,4.394,1.808,16.6743,16.6743,2.21858e-05,-0.0225151,-1.75,4,-1.57,8.74228e-08,3834.61,-7265.7,4.394,1.808,5.02404,2.37137,-0.338255,0.721092,-1.13139
93,3822.75,-7263.55,4.394,1.808,16.674,16.674,2.21838e-05,-0.0220299,-1.75,4,-1.57,8.74228e-08,3834.7,-7265.66,4.394,1.808,5.02017,2.37953,-0.28536,0.605168,-1.12938
94,3823.02,-7263.55,4.394,1.808,16.6736,16.6736,2.21819e-05,-0.0215536,-1.75,4,-1.57,8.74228e-08,3834.78,-7265.62,4.394,1.808,5.01725,2.38568,-0.230536,0.48686,-1.12776
95,3823.3,-7263.55,4.394,1.808,16.6733,16.6733,2.21801e-05,-0.021086,-1.75,4,-1.57,8.74228e-08,3834.86,-7265.58,4.394,1.808,5.0153,2.38977,-0.173899,0.366099,-1.12655
96,3823.58,-7263.55,4.394,1.808,16.6729,16.6729,2.21784e-05,-0.0206299,-1.75,4,-1.57,8.74228e-08,3834.95,-7265.54,4.394,1.808,5.01435,2.39176,-0.115576,0.24281,-1.12574
97,3823.86,-7263.55,4.394,1.808,16.6726,16.6726,2.21769e-05,-0.0201827,-1.75,4,-1.57,8.74228e-08,3835.03,-7265.5,4.394,1.808,5.01442,2.39161,-0.0557067,0.116915,-1.12535
98,3824.14,-7263.55,4.394,1.808,16.6722,16.6722,2.21754e-05,-0.0197445,-1.75,4,-1.57,8.74228e-08,3835.11,-7265.46,4.394,1.808,5.01553,2.38928,0.00555518,-0.0116602,-1.12539
99,3824.41,-7263.55,4.394,1.808,16.6719,16.6719,2.2174e-05,-0.0193152,-1.75,4,-1.57,8.74228e-08,3835.2,-7265.42,4.394,1.808,5.01771,2.3847,0.0680409,-0.142991,-1.12587
100,3824.69,-7263.55,4.394,1.808,16.6716,16.6716,2.21727e-05,-0.0188949,-1.75,4,-1.57,8.74228e-08,3835.28,-7265.38,4.394,1.808,5.02096,2.37785,0.131565,-0.277147,-1.12679
101,3824.97,-7263.55,4.394,1.808,16.6713,16.6713,2.21715e-05,-0.0184811,-1.75,4,-1.57,8.74228e-08,3835.37,-7265.34,4.394,1.808,5.0253,2.36866,0.195924,-0.41419,-1.12816
102,3825.25,-7263.55,4.394,1.808,16.671,16.671,2.21704e-05,-0.0180763,-1.75,4,-1.57,8.74228e-08,3835.45,-7265.3,4.394,1.808,5.03074,2.3571,0.260893,-0.55417,-1.13
103,3825.53,-7263.55,4.394,1.808,16.6707,16.6707,2.21694e-05,-0.0176806,-1.75,4,-1.57,8.74228e-08,3835.53,-7265.26,4.394,1.808,5.03728,2.3431,0.32623,-0.697126,-1.13231
104,3825.8,-7263.55,4.394,1.808,16.6704,16.6704,2.21684e-05,-0.0172915,-1.75,4,-1.57,8.74228e-08,3835.62,-7265.22,4.394,1.808,5.04483,2.32683,0.388864,-0.836999,-1.13508
105,3826.08,-7263.55,4.394,1.808,16.6701,16.6701,2.21675e-05,-0.0169115,-1.75,4,-1.57,8.74228e-08,3835.7,-7265.19,4.394,1.808,5.05324,2.30853,0.445884,-0.967815,-1.13827
106,3826.36,-7263.55,4.394,1.808,16.6698,16.6698,2.21667e-05,-0.0165381,-1.75,4,-1.57,8.74228e-08,3835.79,-7265.15,4.394,1.808,5.06242,2.28835,0.497413,-1.08995,-1.14187
107,3826.64,-7263.55,4.394,1.808,16.6696,16.6696,2.21659e-05,-0.0161739,-1.75,4,-1.57,8.74228e-08,3835.87,-7265.11,4.394,1.808,5.07229,2.26641,0.543601,-1.20377,-1.14583
108,3826.91,-7263.55,4.394,1.808,16.6693,16.6693,2.21652e-05,-0.0158163,-1.75,4,-1.57,8.74228e-08,3835.96,-7265.07,4.394,1.808,5.08276,2.24284,0.58462,-1.30959,-1.15013
109,3827.19,-7263.55,4.394,1.808,16.669,16.669,2.21645e-05,-0.0154654,-1.75,4,-1.57,8.74228e-08,3836.04,-7265.04,4.394,1.808,5.09376,2.21776,0.620662,-1.40775,-1.15475
110,3827.47,-7263.55,4.394,1.808,16.6688,16.6688,2.21639e-05,-0.0151213,-1.75,4,-1.57,8.74228e-08,3836.13,-7265,4.394,1.808,5.10521,2.1913,0.651933,-1.49854,-1.15965
111,3827.75,-7263.55,4.394,1.808,16.6685,16.6685,2.21634e-05,-0.0147838,-1.75,4,-1.57,8.74228e-08,3836.21,-7264.96,4.394,1.808,5.11703,2.16356,0.678649,-1.58224,-1.16482
112,3828.03,-7263.55,4.394,1.808,16.6683,16.6683,2.21629e-05,-0.0144531,-1.75,4,-1.57,8.74228e-08,3836.3,-7264.93,4.394,1.808,5.12916,2.13466,0.701037,-1.65912,-1.17022
113,3828.3,-7263.55,4.394,1.808,16.668,16.668,2.21624e-05,-0.0141291,-1.75,4,-1.57,8.74228e-08,3836.38,-7264.89,4.394,1.808,5.14154,2.1047,0.719328,-1.72945,-1.17584
114,3828.58,-7263.55,4.394,1.808,16.6678,16.6678,2.2162e-05,-0.0138119,-1.75,4,-1.57,8.74228e-08,3836.47,-7264.86,4.394,1.808,5.1541,2.07378,0.733759,-1.79348,-1.18165
115,3828.86,-7263.55,4.394,1.808,16.6676,16.6676,2.21616e-05,-0.0135016,-1.75,4,-1.57,8.74228e-08,3836.55,-7264.82,4.394,1.808,5.16678,2.04199,0.744568,-1.85145,-1.18764
116,3829.14,-7263.55,4.394,1.808,16.6674,16.6674,2.21613e-05,-0.013198,-1.75,4,-1.57,8.74228e-08,3836.64,-7264.79,4.394,1.808,5.17953,2.00943,0.751991,-1.90359,-1.19378
117,3829.41,-7263.55,4.394,1.808,16.6671,16.6671,2.2161e-05,-0.0129013,-1.75,4,-1.57,8.74228e-08,3836.73,-7264.76,4.394,1.808,5.19231,1.97619,0.756265,-1.95013,-1.20005
118,3829.69,-7263.55,4.394,1.808,16.6669,16.6669,2.21607e-05,-0.0126089,-1.75,4,-1.57,8.74228e-08,3836.81,-7264.73,4.394,1.808,5.20506,1.94236,0.757623,-1.9913,-1.20645
119,3829.97,-7263.55,4.394,1.808,16.6667,16.6667,2.21604e-05,-0.0123233,-1.75,4,-1.57,8.74228e-08,3836.9,-7264.69,4.394,1.808,5.21776,1.90801,0.756294,-2.02731,-1.21294
120,3830.25,-7263.55,4.394,1.808,16.6665,16.6665,2.21602e-05,-0.0120447,-1.75,4,-1.57,8.74228e-08,3836.99,-7264.66,4.394,1.808,5.23035,1.87323,0.752503,-2.05837,-1.21951
121,3830.53,-7263.55,4.394,1.808,16.6663,16.6663,2.216e-05,-0.0117704,-1.75,4,-1.57,8.74228e-08,3837.08,-7264.63,4.394,1.808,5.2428,1.83809,0.746467,-2.0847,-1.22615
122,3830.8,-7263.55,4.394,1.808,16.6661,16.6661,2.21599e-05,-0.0115031,-1.75,4,-1.57,8.74228e-08,3837.16,-7264.6,4.394,1.808,5.25509,1.80266,0.738397,-2.1065,-1.23285
123,3831.08,-7263.55,4.394,1.808,16.6659,16.6659,2.21597e-05,-0.0112402,-1.75,4,-1.57,8.74228e-08,3837.25,-7264.57,4.394,1.808,5.26719,1.76701,0.728498,-2.12399,-1.23959
124,3831.36,-7263.55,4.394,1.808,16.6657,16.6657,2.21596e-05,-0.0109817,-1.75,4,-1.57,8.74228e-08,3837.34,-7264.54,4.394,1.808,5.27907,1.7312,0.716963,-2.13735,-1.24635
125,3831.64,-7263.55,4.394,1.808,16.6656,16.6656,2.21595e-05,-0.0107303,-1.75,4,-1.57,8.74228e-08,3837.43,-7264.51,4.394,1.808,5.2907,1.69531,0.70398,-2.1468,-1.25313
126,3831.91,-7263.55,4.394,1.808,16.6654,16.6654,2.21594e-05,-0.0104833,-1.75,4,-1.57,8.74228e-08,3837.52,-7264.49,4.394,1.808,5.30208,1.65937,0.689727,-2.15252,-1.25991
127,3832.19,-7263.55,4.394,1.808,16.6652,16.6652,2.21593e-05,-0.0102408,-1.75,4,-1.57,8.74228e-08,3837.6,-7264.46,4.394,1.808,5.31319,1.62346,0.674372,-2.15472,-1.26668
128,3832.47,-7263.55,4.394,1.808,16.665,16.665,2.21592e-05,-0.0100028,-1.75,4,-1.57,8.74228e-08,3837.69,-7264.43,4.394,1.808,5.32401,1.58763,0.658076,-2.15358,-1.27344
129,3832.75,-7263.55,4.394,1.808,16.6649,16.6649,2.21592e-05,-0.00976931,-1.75,4,-1.57,8.74228e-08,3837.78,-7264.41,4.394,1.808,5.33453,1.55191,0.640987,-2.14929,-1.28017
130,3833.03,-7263.55,4.394,1.808,16.6647,16.6647,2.21591e-05,-0.00954287,-1.75,4,-1.57,8.74228e-08,3837.87,-7264.38,4.394,1.808,5.34474,1.51637,0.623245,-2.14205,-1.28686
131,3833.3,-7263.55,4.394,1.808,16.6646,16.6646,2.21591e-05,-0.00932097,-1.75,4,-1.57,8.74228e-08,3837.96,-7264.36,4.394,1.808,5.35463,1.48104,0.604983,-2.13202,-1.29351
132,3833.58,-7263.55,4.394,1.808,16.6644,16.6644,2.21591e-05,-0.00910362,-1.75,4,-1.57,8.74228e-08,3838.05,-7264.33,4.394,1.808,5.36421,1.44596,0.586321,-2.1194,-1.3001
133,3833.86,-7263.55,4.394,1.808,16.6643,16.6643,2.21591e-05,-0.00889083,-1.75,4,-1.57,8.74228e-08,3838.14,-7264.31,4.394,1.808,5.37347,1.41117,0.567371,-2.10435,-1.30664
134,3834.14,-7263.55,4.394,1.808,16.6641,16.6641,2.21591e-05,-0.00868261,-1.75,4,-1.57,8.74228e-08,3838.23,-7264.29,4.394,1.808,5.3824,1.3767,0.548237,-2.08704,-1.31312
135,3834.41,-7263.55,4.394,1.808,16.664,16.664,2.21591e-05,-0.00847646,-1.75,4,-1.57,8.74228e-08,3838.32,-7264.26,4.394,1.808,5.391,1.34259,0.529014,-2.06764,-1.31952
136,3834.69,-7263.55,4.394,1.808,16.6638,16.6638,2.21591e-05,-0.00827489,-1.75,4,-1.57,8.74228e-08,3838.41,-7264.24,4.394,1.808,5.39929,1.30887,0.509787,-2.04632,-1.32585
137,3834.97,-7263.55,4.394,1.808,16.6637,16.6637,2.21591e-05,-0.00807793,-1.75,4,-1.57,8.74228e-08,3838.5,-7264.22,4.394,1.808,5.40725,1.27556,0.490634,-2.02323,-1.33209
138,3835.25,-7263.55,4.394,1.808,16.6636,16.6636,2.21591e-05,-0.00788558,-1.75,4,-1.57,8.74228e-08,3838.59,-7264.2,4.394,1.808,5.4149,1.24269,0.471625,-1.99851,-1.33825
139,3835.53,-7263.55,4.394,1.808,16.6634,16.6634,2.21592e-05,-0.00769785,-1.75,4,-1.57,8.74228e-08,3838.68,-7264.18,4.394,1.808,5.42223,1.21027,0.452822,-1.97233,-1.34432
140,3835.8,-7263.55,4.394,1.808,16.6633,16.6633,2.21592e-05,-0.00751223,-1.75,4,-1.57,8.74228e-08,3838.77,-7264.16,4.394,1.808,5.42926,1.17834,0.434282,-1.94481,-1.3503
141,3836.08,-7263.55,4.394,1.808,16.6632,16.6632,2.21592e-05,-0.00733126,-1.75,4,-1.57,8.74228e-08,3838.86,-7264.14,4.394,1.808,5.43598,1.1469,0.416052,-1.91609,-1.35618
142,3836.36,-7263.55,4.394,1.808,16.6631,16.6631,2.21593e-05,-0.00715494,-1.75,4,-1.57,8.74228e-08,3838.95,-7264.12,4.394,1.808,5.44241,1.11598,0.398175,-1.88631,-1.36197
143,3836.64,-7263.55,4.394,1.808,16.6629,16.6629,2.21593e-05,-0.00698075,-1.75,4,-1.57,8.74228e-08,3839.04,-7264.11,4.394,1.808,5.44855,1.08559,0.380688,-1.85558,-1.36765
144,3836.91,-7263.55,4.394,1.808,16.6628,16.6628,2.21593e-05,-0.00681124,-1.75,4,-1.57,8.74228e-08,3839.13,-7264.09,4.394,1.808,5.45441,1.05573,0.363621,-1.82403,-1.37323
145,3837.19,-7263.55,4.394,1.808,16.6627,16.6627,2.21594e-05,-0.00664389,-1.75,4,-1.57,8.74228e-08,3839.22,-7264.07,4.394,1.808,5.46,1.02642,0.347,-1.79177,-1.3787
146,3837.47,-7263.55,4.394,1.808,16.6626,16.6626,2.21594e-05,-0.00648122,-1.75,4,-1.57,8.74228e-08,3839.31,-7264.05,4.394,1.808,5.46532,0.997667,0.330846,-1.7589,-1.38407
147,3837.75,-7263.55,4.394,1.808,16.6625,16.6625,2.21594e-05,-0.00632072,-1.75,4,-1.57,8.74228e-08,3839.41,-7264.04,4.394,1.808,5.47039,0.969478,0.315177,-1.72553,-1.38934
148,3838.02,-7263.55,4.394,1.808,16.6624,16.6624,2.21595e-05,-0.00616493,-1.75,4,-1.57,8.74228e-08,3839.5,-7264.02,4.394,1.808,5.47521,0.941859,0.300004,-1.69174,-1.39449
149,3838.3,-7263.55,4.394,1.808,16.6623,16.6623,2.21595e-05,-0.00601133,-1.75,4,-1.57,8.74228e-08,3839.59,-7264.01,4.394,1.808,5.47979,0.914812,0.285337,-1.65764,-1.39954
150,3838.58,-7263.55,4.394,1.808,16.6622,16.6622,2.21596e-05,-0.00585993,-1.75,4,-1.57,8.74228e-08,3839.68,-7263.99,4.394,1.808,5.48414,0.88834,0.271181,-1.62331,-1.40447
151,3838.86,-7263.55,4.394,1.808,16.6621,16.6621,2.21596e-05,-0.00571325,-1.75,4,-1.57,8.74228e-08,3839.77,-7263.98,4.394,1.808,5.48827,0.862445,0.257539,-1.58882,-1.4093
152,3839.14,-7263.55,4.394,1.808,16.662,16.662,2.21596e-05,-0.00556879,-1.75,4,-1.57,8.74228e-08,3839.86,-7263.96,4.394,1.808,5.49219,0.837127,0.244412,-1.55424,-1.41402
153,3839.41,-7263.55,4.394,1.808,16.6619,16.6619,2.21597e-05,-0.00542655,-1.75,4,-1.57,8.74228e-08,3839.95,-7263.95,4.394,1.808,5.4959,0.812385,0.231797,-1.51966,-1.41863
154,3839.69,-7263.55,4.394,1.808,16.6618,16.6618,2.21597e-05,-0.00528905,-1.75,4,-1.57,8.74228e-08,3840.05,-7263.94,4.394,1.808,5.49941,0.788217,0.21969,-1.48512,-1.42314
155,3839.97,-7263.55,4.394,1.808,16.6617,16.6617,2.21598e-05,-0.0051538,-1.75,4,-1.57,8.74228e-08,3840.14,-7263.92,4.394,1.808,5.50274,0.76462,0.208084,-1.4507,-1.42753
156,3840.25,-7263.55,4.394,1.808,16.6617,16.6617,2.21598e-05,-0.00502079,-1.75,4,-1.57,8.74228e-08,3840.23,-7263.91,4.394,1.808,5.50589,0.74159,0.196972,-1.41644,-1.43183
157,3840.52,-7263.55,4.394,1.808,16.6616,16.6616,2.21598e-05,-0.00489003,-1.75,4,-1.57,8.74228e-08,3840.32,-7263.9,4.394,1.808,5.50887,0.719125,0.186344,-1.3824,-1.43601
158,3840.8,-7263.55,4.394,1.808,16.6615,16.6615,2.21599e-05,-0.00476404,-1.75,4,-1.57,8.74228e-08,3840.41,-7263.89,4.394,1.808,5.51168,0.697217,0.17619,-1.34861,-1.44009
159,3841.08,-7263.55,4.394,1.808,16.6614,16.6614,2.21599e-05,-0.00464032,-1.75,4,-1.57,8.74228e-08,3840.51,-7263.88,4.394,1.808,5.51434,0.675862,0.1665,-1.31513,-1.44407
160,3841.36,-7263.55,4.394,1.808,16.6613,16.6613,2.21599e-05,-0.00451887,-1.75,4,-1.57,8.74228e-08,3840.6,-7263.87,4.394,1.808,5.51684,0.655052,0.15726,-1.28199,-1.44794
161,3841.63,-7263.55,4.394,1.808,16.6613,16.6613,2.21599e-05,-0.0043997,-1.75,4,-1.57,8.74228e-08,3840.69,-7263.86,4.394,1.808,5.51921,0.634783,0.148457,-1.24923,-1.45172
162,3841.91,-7263.55,4.394,1.808,16.6612,16.6612,2.216e-05,-0.00428282,-1.75,4,-1.57,8.74228e-08,3840.78,-7263.85,4.394,1.808,5.52144,0.615045,0.140079,-1.21687,-1.45539
163,3842.19,-7263.55,4.394,1.808,16.6611,16.6611,2.216e-05,-0.00416822,-1.75,4,-1.57,8.74228e-08,3840.87,-7263.84,4.394,1.808,5.52355,0.595832,0.132112,-1.18495,-1.45897
164,3842.47,-7263.55,4.394,1.808,16.6611,16.6611,2.216e-05,-0.00405592,-1.75,4,-1.57,8.74228e-08,3840.97,-7263.83,4.394,1.808,5.52553,0.577135,0.124541,-1.15349,-1.46245
165,3842.75,-7263.55,4.394,1.808,16.661,16.661,2.216e-05,-0.00394592,-1.75,4,-1.57,8.74228e-08,3841.06,-7263.82,4.394,1.808,5.5274,0.558946,0.117352,-1.12251,-1.46583
166,3843.02,-7263.55,4.394,1.808,16.6609,16.6609,2.216e-05,-0.00383822,-1.75,4,-1.57,8.74228e-08,3841.15,-7263.81,4.394,1.808,5.52916,0.541257,0.110532,-1.09203,-1.46913
167,3843.3,-7263.55,4.394,1.808,16.6609,16.6609,2.216e-05,-0.00373284,-1.75,4,-1.57,8.74228e-08,3841.24,-7263.8,4.394,1.808,5.53081,0.524058,0.104065,-1.06207,-1.47233
168,3843.58,-7263.55,4.394,1.808,16.6608,16.6608,2.21601e-05,-0.00362978,-1.75,4,-1.57,8.74228e-08,3841.33,-7263.79,4.394,1.808,5.53237,0.50734,0.0979383,-1.03264,-1.47544
169,3843.86,-7263.55,4.394,1.808,16.6607,16.6607,2.21601e-05,-0.00352904,-1.75,4,-1.57,8.74228e-08,3841.43,-7263.78,4.394,1.808,5.53383,0.491095,0.0921368,-1.00375,-1.47846
170,3844.13,-7263.55,4.394,1.808,16.6607,16.6607,2.21601e-05,-0.00343063,-1.75,4,-1.57,8.74228e-08,3841.52,-7263.77,4.394,1.808,5.53521,0.475312,0.086647,-0.975415,-1.4814
171,3844.41,-7263.55,4.394,1.808,16.6606,16.6606,2.21601e-05,-0.00333455,-1.75,4,-1.57,8.74228e-08,3841.61,-7263.77,4.394,1.808,5.5365,0.459983,0.0814552,-0.947641,-1.48426
172,3844.69,-7263.55,4.394,1.808,16.6606,16.6606,2.21601e-05,-0.00324082,-1.75,4,-1.57,8.74228e-08,3841.7,-7263.76,4.394,1.808,5.53772,0.445098,0.076548,-0.920435,-1.48703
173,3844.97,-7263.55,4.394,1.808,16.6605,16.6605,2.21601e-05,-0.00314691,-1.75,4,-1.57,8.74228e-08,3841.8,-7263.75,4.394,1.808,5.53886,0.430647,0.0719124,-0.8938,-1.48972
174,3845.24,-7263.55,4.394,1.808,16.6605,16.6605,2.21601e-05,-0.00305535,-1.75,4,-1.57,8.74228e-08,3841.89,-7263.75,4.394,1.808,5.53993,0.41662,0.0675358,-0.86774,-1.49233
175,3845.52,-7263.55,4.394,1.808,16.6604,16.6604,2.21601e-05,-0.00296614,-1.75,4,-1.57,8.74228e-08,3841.98,-7263.74,4.394,1.808,5.54094,0.403009,0.0634057,-0.842256,-1.49486
176,3845.8,-7263.55,4.394,1.808,16.6604,16.6604,2.21601e-05,-0.00287929,-1.75,4,-1.57,8.74228e-08,3842.07,-7263.73,4.394,1.808,5.54188,0.389803,0.0595101,-0.817349,-1.49732
177,3846.08,-7263.55,4.394,1.808,16.6603,16.6603,2.21601e-05,-0.0027948,-1.75,4,-1.57,8.74228e-08,3842.16,-7263.73,4.394,1.808,5.54277,0.376992,0.0558376,-0.793017,-1.4997
178,3846.36,-7263.55,4.394,1.808,16.6603,16.6603,2.21601e-05,-0.00271016,-1.75,4,-1.57,8.74228e-08,3842.26,-7263.72,4.394,1.808,5.5436,0.364568,0.0523768,-0.769259,-1.50202
179,3846.63,-7263.55,4.394,1.808,16.6602,16.6602,2.21601e-05,-0.00262789,-1.75,4,-1.57,8.74228e-08,3842.35,-7263.71,4.394,1.808,5.54437,0.352521,0.0491171,-0.746072,-1.50426
180,3846.91,-7263.55,4.394,1.808,16.6602,16.6602,2.21601e-05,-0.002548,-1.75,4,-1.57,8.74228e-08,3842.44,-7263.71,4.394,1.808,5.5451,0.340841,0.0460479,-0.723451,-1.50644
181,3847.19,-7263.55,4.394,1.808,16.6601,16.6601,2.21601e-05,-0.00247049,-1.75,4,-1.57,8.74228e-08,3842.53,-7263.7,4.394,1.808,5.54579,0.32952,0.0431594,-0.701392,-1.50854
182,3847.47,-7263.55,4.394,1.808,16.6601,16.6601,2.21601e-05,-0.00239284,-1.75,4,-1.57,8.74228e-08,3842.63,-7263.7,4.394,1.808,5.54643,0.318548,0.040442,-0.67989,-1.51059
183,3847.74,-7263.55,4.394,1.808,16.6601,16.6601,2.21601e-05,-0.00231758,-1.75,4,-1.57,8.74228e-08,3842.72,-7263.69,4.394,1.808,5.54703,0.307915,0.0378865,-0.658938,-1.51257
184,3848.02,-7263.55,4.394,1.808,16.66,16.66,2.216e-05,-0.00224472,-1.75,4,-1.57,8.74228e-08,3842.81,-7263.69,4.394,1.808,5.54759,0.297614,0.0354842,-0.63853,-1.51449
185,3848.3,-7263.55,4.394,1.808,16.66,16.66,2.216e-05,-0.00217173,-1.75,4,-1.57,8.74228e-08,3842.9,-7263.68,4.394,1.808,5.54811,0.287634,0.0332266,-0.618658,-1.51634
186,3848.58,-7263.55,4.394,1.808,16.66,16.66,2.216e-05,-0.00210114,-1.75,4,-1.57,8.74228e-08,3843,-7263.68,4.394,1.808,5.54861,0.277969,0.0311057,-0.599315,-1.51814
187,3848.85,-7263.55,4.394,1.808,16.6599,16.6599,2.216e-05,-0.00203296,-1.75,4,-1.57,8.74228e-08,3843.09,-7263.67,4.394,1.808,5.54907,0.268608,0.029114,-0.580494,-1.51989
188,3849.13,-7263.55,4.394,1.808,16.6599,16.6599,2.216e-05,-0.00196466,-1.75,4,-1.57,8.74228e-08,3843.18,-7263.67,4.394,1.808,5.5495,0.259544,0.0272441,-0.562184,-1.52158
189,3849.41,-7263.55,4.394,1.808,16.6599,16.6599,2.216e-05,-0.00189878,-1.75,4,-1.57,8.74228e-08,3843.27,-7263.66,4.394,1.808,5.5499,0.250768,0.0254892,-0.544379,-1.52321
190,3849.69,-7263.55,4.394,1.808,16.6598,16.6598,2.216e-05,-0.00183531,-1.75,4,-1.57,8.74228e-08,3843.37,-7263.66,4.394,1.808,5.55028,0.242272,0.0238427,-0.527068,-1.52479
191,3849.96,-7263.55,4.394,1.808,16.6598,16.6598,2.216e-05,-0.00177174,-1.75,4,-1.57,8.74228e-08,3843.46,-7263.66,4.394,1.808,5.55063,0.234049,0.0222982,-0.510242,-1.52633
192,3850.24,-7263.55,4.394,1.808,16.6598,16.6598,2.21599e-05,-0.00171059,-1.75,4,-1.57,8.74228e-08,3843.55,-7263.65,4.394,1.808,5.55096,0.22609,0.0208499,-0.493894,-1.52781
193,3850.52,-7263.55,4.394,1.808,16.6597,16.6597,2.21599e-05,-0.00164935,-1.75,4,-1.57,8.74228e-08,3843.64,-7263.65,4.394,1.808,5.55127,0.218388,0.0194922,-0.478011,-1.52924
194,3850.8,-7263.55,4.394,1.808,16.6597,16.6597,2.21599e-05,-0.00159054,-1.75,4,-1.57,8.74228e-08,3843.74,-7263.65,4.394,1.808,5.55156,0.210936,0.0182197,-0.462586,-1.53063
195,3851.08,-7263.55,4.394,1.808,16.6597,16.6597,2.21599e-05,-0.00153164,-1.75,4,-1.57,8.74228e-08,3843.83,-7263.64,4.394,1.808,5.55182,0.203725,0.0170274,-0.447609,-1.53198
196,3851.35,-7263.55,4.394,1.808,16.6597,16.6597,2.21599e-05,-0.00147518,-1.75,4,-1.57,8.74228e-08,3843.92,-7263.64,4.394,1.808,5.55208,0.19675,0.0159105,-0.433069,-1.53328
197,3851.63,-7263.55,4.394,1.808,16.6596,16.6596,2.21599e-05,-0.00141863,-1.75,4,-1.57,8.74228e-08,3844.01,-7263.64,4.394,1.808,5.55231,0.190003,0.0148645,-0.418957,-1.53454
198,3851.91,-7263.55,4.394,1.808,16.6596,16.6596,2.21598e-05,-0.00136452,-1.75,4,-1.57,8.74228e-08,3844.11,-7263.63,4.394,1.808,5.55253,0.183477,0.013885,-0.405263,-1.53575
199,3852.19,-7263.55,4.394,1.808,16.6596,16.6596,2.21598e-05,-0.00131033,-1.75,4,-1.57,8.74228e-08,3844.2,-7263.63,4.394,1.808,5.55273,0.177165,0.0129681,-0.391978,-1.53693
200,3852.46,-7263.55,4.394,1.808,16.6596,16.6596,2.21598e-05,-0.00125859,-1.75,4,-1.57,8.74228e-08,3844.29,-7263.63,4.394,1.808,5.55293,0.171062,0.01211,-0.379092,-1.53807
201,3852.74,-7263.55,4.394,1.808,16.6595,16.6595,2.21598e-05,-0.00120679,-1.75,4,-1.57,8.74228e-08,3844.38,-7263.62,4.394,1.808,5.5531,0.165161,0.011307,-0.366595,-1.53917
202,3853.02,-7263.55,4.394,1.808,16.6595,16.6595,2.21598e-05,-0.00115743,-1.75,4,-1.57,8.74228e-08,3844.48,-7263.62,4.394,1.808,5.55327,0.159455,0.0105558,-0.354478,-1.54023
203,3853.3,-7263.55,4.394,1.808,16.6595,16.6595,2.21598e-05,-0.001108,-1.75,4,-1.57,8.74228e-08,3844.57,-7263.62,4.394,1.808,5.55343,0.153938,0.00985314,-0.34273,-1.54126
204,3853.57,-7263.55,4.394,1.808,16.6595,16.6595,2.21597e-05,-0.00106104,-1.75,4,-1.57,8.74228e-08,3844.66,-7263.62,4.394,1.808,5.55357,0.148606,0.00919603,-0.331344,-1.54225
205,3853.85,-7263.55,4.394,1.808,16.6595,16.6595,2.21597e-05,-0.00101401,-1.75,4,-1.57,8.74228e-08,3844.75,-7263.61,4.394,1.808,5.55371,0.143451,0.00858163,-0.320309,-1.54321
206,3854.13,-7263.55,4.394,1.808,16.6595,16.6595,2.21597e-05,-0.000969449,-1.75,4,-1.57,8.74228e-08,3844.85,-7263.61,4.394,1.808,5.55383,0.138469,0.00800727,-0.309616,-1.54414
207,3854.41,-7263.55,4.394,1.808,16.6594,16.6594,2.21597e-05,-0.000924834,-1.75,4,-1.57,8.74228e-08,3844.94,-7263.61,4.394,1.808,5.55395,0.133654,0.00747043,-0.299256,-1.54504
208,3854.69,-7263.55,4.394,1.808,16.6594,16.6594,2.21597e-05,-0.000880166,-1.75,4,-1.57,8.74228e-08,3845.03,-7263.61,4.394,1.808,5.55406,0.129001,0.00696875,-0.289221,-1.54591
209,3854.96,-7263.55,4.394,1.808,16.6594,16.6594,2.21597e-05,-0.000837967,-1.75,4,-1.57,8.74228e-08,3845.12,-7263.61,4.394,1.808,5.55416,0.124505,0.00649999,-0.279501,-1.54675
210,3855.24,-7263.55,4.394,1.808,16.6594,16.6594,2.21596e-05,-0.00079572,-1.75,4,-1.57,8.74228e-08,3845.22,-7263.6,4.394,1.808,5.55426,0.120161,0.00606207,-0.270088,-1.54756
211,3855.52,-7263.55,4.394,1.808,16.6594,16.6594,2.21596e-05,-0.000753427,-1.75,4,-1.57,8.74228e-08,3845.31,-7263.6,4.394,1.808,5.55435,0.115963,0.00565303,-0.260974,-1.54834
212,3855.8,-7263.55,4.394,1.808,16.6594,16.6594,2.21596e-05,-0.000713608,-1.75,4,-1.57,8.74228e-08,3845.4,-7263.6,4.394,1.808,5.55443,0.111908,0.00527102,-0.252149,-1.5491
213,3856.07,-7263.55,4.394,1.808,16.6594,16.6594,2.21596e-05,-0.000673748,-1.75,4,-1.57,8.74228e-08,3845.5,-7263.6,4.394,1.808,5.55451,0.10799,0.0049143,-0.243607,-1.54983
214,3856.35,-7263.55,4.394,1.808,16.6593,16.6593,2.21596e-05,-0.000636368,-1.75,4,-1.57,8.74228e-08,3845.59,-7263.6,4.394,1.808,5.55458,0.104205,0.00458125,-0.235338,-1.55054
215,3856.63,-7263.55,4.394,1.808,16.6593,16.6593,2.21596e-05,-0.000598952,-1.75,4,-1.57,8.74228e-08,3845.68,-7263.59,4.394,1.808,5.55465,0.10055,0.00427034,-0.227336,-1.55122
216,3856.91,-7263.55,4.394,1.808,16.6593,16.6593,2.21596e-05,-0.000561502,-1.75,4,-1.57,8.74228e-08,3845.77,-7263.59,4.394,1.808,5.55471,0.0970191,0.00398014,-0.219592,-1.55188
217,3857.18,-7263.55,4.394,1.808,16.6593,16.6593,2.21595e-05,-0.000526537,-1.75,4,-1.57,8.74228e-08,3845.87,-7263.59,4.394,1.808,5.55477,0.093609,0.00370931,-0.212099,-1.55251
218,3857.46,-7263.55,4.394,1.808,16.6593,16.6593,2.21595e-05,-0.000491543,-1.75,4,-1.57,8.74228e-08,3845.96,-7263.59,4.394,1.808,5.55482,0.0903157,0.00345658,-0.204849,-1.55313
219,3857.74,-7263.55,4.394,1.808,16.6593,16.6593,2.21595e-05,-0.00045652,-1.75,4,-1.57,8.74228e-08,3846.05,-7263.59,4.394,1.808,5.55487,0.0871353,0.00322077,-0.197836,-1.55372
220,3858.02,-7263.55,4.394,1.808,16.6593,16.6593,2.21595e-05,-0.000423987,-1.75,4,-1.57,8.74228e-08,3846.14,-7263.59,4.394,1.808,5.55492,0.0840642,0.00300079,-0.191052,-1.55429
221,3858.29,-7263.55,4.394,1.808,16.6593,16.6593,2.21595e-05,-0.000391432,-1.75,4,-1.57,8.74228e-08,3846.24,-7263.59,4.394,1.808,5.55496,0.0810987,0.00279558,-0.184491,-1.55485
222,3858.57,-7263.55,4.394,1.808,16.6593,16.6593,2.21595e-05,-0.000358853,-1.75,4,-1.57,8.74228e-08,3846.33,-7263.58,4.394,1.808,5.55501,0.0782354,0.00260419,-0.178145,-1.55538
223,3858.85,-7263.55,4.394,1.808,16.6593,16.6593,2.21595e-05,-0.000326251,-1.75,4,-1.57,8.74228e-08,3846.42,-7263.58,4.394,1.808,5.55504,0.0754709,0.0024257,-0.172009,-1.5559
224,3859.13,-7263.55,4.394,1.808,16.6593,16.6593,2.21595e-05,-0.000296146,-1.75,4,-1.57,8.74228e-08,3846.51,-7263.58,4.394,1.808,5.55508,0.0728019,0.00225926,-0.166075,-1.5564
225,3859.41,-7263.55,4.394,1.808,16.6593,16.6593,2.21595e-05,-0.000266023,-1.75,4,-1.57,8.74228e-08,3846.61,-7263.58,4.394,1.808,5.55511,0.0702252,0.00210407,-0.160338,-1.55688
226,3859.68,-7263.55,4.394,1.808,16.6593,16.6593,2.21595e-05,-0.000235883,-1.75,4,-1.57,8.74228e-08,3846.7,-7263.58,4.394,1.808,5.55514,0.0677378,0.00195939,-0.154792,-1.55734
227,3859.96,-7263.55,4.394,1.808,16.6593,16.6593,2.21594e-05,-0.000208245,-1.75,4,-1.57,8.74228e-08,3846.79,-7263.58,4.394,1.808,5.55517,0.0653366,0.00182452,-0.149431,-1.55779
228,3860.24,-7263.55,4.394,1.808,16.6593,16.6593,2.21594e-05,-0.000180596,-1.75,4,-1.57,8.74228e-08,3846.88,-7263.58,4.394,1.808,5.5552,0.0630189,0.00169881,-0.144248,-1.55822
229,3860.52,-7263.55,4.394,1.808,16.6593,16.6593,2.21594e-05,-0.000152935,-1.75,4,-1.57,8.74228e-08,3846.98,-7263.58,4.394,1.808,5.55522,0.0607817,0.00158164,-0.139239,-1.55864
230,3860.79,-7263.55,4.394,1.808,16.6593,16.6593,2.21594e-05,-0.000125263,-1.75,4,-1.57,8.74228e-08,3847.07,-7263.58,4.394,1.808,5.55525,0.0586224,0.00147245,-0.134398,-1.55904
231,3861.07,-7263.55,4.394,1.808,16.6593,16.6593,2.21594e-05,-0.000100099,-1.75,4,-1.57,8.74228e-08,3847.16,-7263.57,4.394,1.808,5.55527,0.0565384,0.00137071,-0.12972,-1.55943
232,3861.35,-7263.55,4.394,1.808,16.6592,16.6592,2.21594e-05,-7.49291e-05,-1.75,4,-1.57,8.74228e-08,3847.25,-7263.57,4.394,1.808,5.55529,0.0545271,0.00127591,-0.125199,-1.55981
233,3861.63,-7263.55,4.394,1.808,16.6592,16.6592,2.21594e-05,-4.97535e-05,-1.75,4,-1.57,8.74228e-08,3847.35,-7263.57,4.394,1.808,5.55531,0.052586,0.00118758,-0.120831,-1.56017
234,3861.9,-7263.55,4.394,1.808,16.6592,16.6592,2.21594e-05,-2.45721e-05,-1.75,4,-1.57,8.74228e-08,3847.44,-7263.57,4.394,1.808,5.55532,0.0507129,0.0011053,-0.116611,-1.56052
235,3862.18,-7263.55,4.394,1.808,16.6592,16.6592,2.21594e-05,6.15162e-07,-1.75,4,-1.57,8.74228e-08,3847.53,-7263.57,4.394,1.808,5.55534,0.0489053,0.00102866,-0.112533,-1.56086
236,3862.46,-7263.55,4.394,1.808,16.6592,16.6592,2.21594e-05,2.32881e-05,-1.75,4,-1.57,8.74228e-08,3847.62,-7263.57,4.394,1.808,5.55536,0.047161,0.000957269,-0.108594,-1.56119
237,3862.74,-7263.55,4.394,1.808,16.6592,16.6592,2.21594e-05,4.5961e-05,-1.75,4,-1.57,8.74228e-08,3847.72,-7263.57,4.394,1.808,5.55537,0.045478,0.00089078,-0.104789,-1.5615
238,3863.01,-7263.55,4.394,1.808,16.6592,16.6592,2.21594e-05,6.86339e-05,-1.75,4,-1.57,8.74228e-08,3847.81,-7263.57,4.394,1.808,5.55538,0.043854,0.000828861,-0.101113,-1.5618
239,3863.29,-7263.55,4.394,1.808,16.6593,16.6593,2.21594e-05,9.13068e-05,-1.75,4,-1.57,8.74228e-08,3847.9,-7263.57,4.394,1.808,5.55539,0.0422871,0.000771201,-0.0975634,-1.5621
240,3863.57,-7263.55,4.394,1.808,16.6593,16.6593,2.21594e-05,0.000111459,-1.75,4,-1.57,8.74228e-08,3847.99,-7263.57,4.394,1.808,5.55541,0.0407753,0.000717512,-0.0941346,-1.56238
241,3863.85,-7263.55,4.394,1.808,16.6593,16.6593,2.21594e-05,0.000131606,-1.75,4,-1.57,8.74228e-08,3848.09,-7263.57,4.394,1.808,5.55542,0.0393168,0.000667523,-0.0908232,-1.56265
242,3864.13,-7263.55,4.394,1.808,16.6593,16.6593,2.21594e-05,0.000151747,-1.75,4,-1.57,8.74228e-08,3848.18,-7263.57,4.394,1.808,5.55543,0.0379097,0.000620983,-0.0876254,-1.56291
243,3864.4,-7263.55,4.394,1.808,16.6593,16.6593,2.21594e-05,0.000171883,-1.75,4,-1.57,8.74228e-08,3848.27,-7263.57,4.394,1.808,5.55544,0.0365522,0.000577658,-0.0845373,-1.56317
244,3864.68,-7263.55,4.394,1.808,16.6593,16.6593,2.21594e-05,0.000192012,-1.75,4,-1.57,8.74228e-08,3848.37,-7263.56,4.394,1.808,5.55544,0.0352426,0.000537327,-0.0815555,-1.56341
245,3864.96,-7263.55,4.394,1.808,16.6593,16.6593,2.21594e-05,0.000212136,-1.75,4,-1.57,8.74228e-08,3848.46,-7263.56,4.394,1.808,5.55545,0.0339794,0.000499787,-0.0786764,-1.56365
246,3865.24,-7263.55,4.394,1.808,16.6593,16.6593,2.21594e-05,0.000229733,-1.75,4,-1.57,8.74228e-08,3848.55,-7263.56,4.394,1.808,5.55546,0.0327607,0.000464847,-0.0758965,-1.56388
247,3865.51,-7263.55,4.394,1.808,16.6593,16.6593,2.21594e-05,0.000247319,-1.75,4,-1.57,8.74228e-08,3848.64,-7263.56,4.394,1.808,5.55547,0.0315853,0.000432328,-0.0732127,-1.56409
248,3865.79,-7263.55,4.394,1.808,16.6593,16.6593,2.21594e-05,0.000264894,-1.75,4,-1.57,8.74228e-08,3848.74,-7263.56,4.394,1.808,5.55547,0.0304514,0.000402065,-0.0706218,-1.56431
249,3866.07,-7263.55,4.394,1.808,16.6593,16.6593,2.21594e-05,0.000282456,-1.75,4,-1.57,8.74228e-08,3848.83,-7263.56,4.394,1.808,5.55548,0.0293578,0.000373903,-0.0681205,-1.56451
250,3866.35,-7263.55,4.394,1.808,16.6593,16.6593,2.21594e-05,0.000300007,-1.75,4,-1.57,8.74228e-08,3848.92,-7263.56,4.394,1.808,5.55548,0.0283029,0.000347697,-0.065706,-1.56471
251,3866.62,-7263.55,4.394,1.808,16.6593,16.6593,2.21594e-05,0.000317546,-1.75,4,-1.57,8.74228e-08,3849.01,-7263.56,4.394,1.808,5.55549,0.0272855,0.000323314,-0.0633753,-1.5649
252,3866.9,-7263.55,4.394,1.808,16.6593,16.6593,2.21594e-05,0.000332554,-1.75,4,-1.57,8.74228e-08,3849.11,-7263.56,4.394,1.808,5.55549,0.0263042,0.000300628,-0.0611256,-1.56508
253,3867.18,-7263.55,4.394,1.808,16.6593,16.6593,2.21594e-05,0.000347544,-1.75,4,-1.57,8.74228e-08,3849.2,-7263.56,4.394,1.808,5.5555,0.0253578,0.000279522,-0.0589543,-1.56526
254,3867.46,-7263.55,4.394,1.808,16.6593,16.6593,2.21594e-05,0.000362516,-1.75,4,-1.57,8.74228e-08,3849.29,-7263.56,4.394,1.808,5.5555,0.0244451,0.000259886,-0.0568586,-1.56543
255,3867.73,-7263.55,4.394,1.808,16.6593,16.6593,2.21594e-05,0.000377471,-1.75,4,-1.57,8.74228e-08,3849.38,-7263.56,4.394,1.808,5.55551,0.0235649,0.00024162,-0.054836,-1.56559
256,3868.01,-7263.55,4.394,1.808,16.6593,16.6593,2.21594e-05,0.000392409,-1.75,4,-1.57,8.74228e-08,3849.48,-7263.56,4.394,1.808,5.55551,0.022716,0.000224629,-0.052884,-1.56575
257,3868.29,-7263.55,4.394,1.808,16.6593,16.6593,2.21594e-05,0.000407329,-1.75,4,-1.57,8.74228e-08,3849.57,-7263.56,4.394,1.808,5.55551,0.0218974,0.000208824,-0.0510003,-1.56591
258,3868.57,-7263.55,4.394,1.808,16.6593,16.6593,2.21594e-05,0.000422231,-1.75,4,-1.57,8.74228e-08,3849.66,-7263.56,4.394,1.808,5.55552,0.021108,0.000194124,-0.0491825,-1.56605
259,3868.85,-7263.55,4.394,1.808,16.6593,16.6593,2.21595e-05,0.000437116,-1.75,4,-1.57,8.74228e-08,3849.75,-7263.56,4.394,1.808,5.55552,0.0203468,0.000180452,-0.0474284,-1.5662
260,3869.12,-7263.55,4.394,1.808,16.6593,16.6593,2.21595e-05,0.000449463,-1.75,4,-1.57,8.74228e-08,3849.85,-7263.56,4.394,1.808,5.55552,0.0196127,0.000167737,-0.0457358,-1.56633
261,3869.4,-7263.55,4.394,1.808,16.6594,16.6594,2.21595e-05,0.000461787,-1.75,4,-1.57,8.74228e-08,3849.94,-7263.56,4.394,1.808,5.55552,0.0189049,0.000155912,-0.0441026,-1.56646
262,3869.68,-7263.55,4.394,1.808,16.6594,16.6594,2.21595e-05,0.000474088,-1.75,4,-1.57,8.74228e-08,3850.03,-7263.56,4.394,1.808,5.55553,0.0182224,0.000144916,-0.0425269,-1.56659
263,3869.96,-7263.55,4.394,1.808,16.6594,16.6594,2.21595e-05,0.000486365,-1.75,4,-1.57,8.74228e-08,3850.12,-7263.56,4.394,1.808,5.55553,0.0175643,0.00013469,-0.0410065,-1.56672
264,3870.23,-7263.55,4.394,1.808,16.6594,16.6594,2.21595e-05,0.000498619,-1.75,4,-1.57,8.74228e-08,3850.22,-7263.56,4.394,1.808,5.55553,0.0169297,0.000125182,-0.0395397,-1.56683
265,3870.51,-7263.55,4.394,1.808,16.6594,16.6594,2.21595e-05,0.00051085,-1.75,4,-1.57,8.74228e-08,3850.31,-7263.56,4.394,1.808,5.55553,0.0163179,0.000116341,-0.0381245,-1.56695
266,3870.79,-7263.55,4.394,1.808,16.6594,16.6594,2.21595e-05,0.000523057,-1.75,4,-1.57,8.74228e-08,3850.4,-7263.56,4.394,1.808,5.55553,0.015728,0.000108121,-0.0367593,-1.56706
267,3871.07,-7263.55,4.394,1.808,16.6594,16.6594,2.21595e-05,0.000535242,-1.75,4,-1.57,8.74228e-08,3850.49,-7263.56,4.394,1.808,5.55553,0.0151593,0.000100479,-0.0354422,-1.56717
268,3871.34,-7263.55,4.394,1.808,16.6594,16.6594,2.21595e-05,0.000544882,-1.75,4,-1.57,8.74228e-08,3850.59,-7263.56,4.394,1.808,5.55554,0.0146109,9.33739e-05,-0.0341717,-1.56727
269,3871.62,-7263.55,4.394,1.808,16.6594,16.6594,2.21595e-05,0.000554493,-1.75,4,-1.57,8.74228e-08,3850.68,-7263.56,4.394,1.808,5.55554,0.0140822,8.67686e-05,-0.0329461,-1.56737
270,3871.9,-7263.55,4.394,1.808,16.6594,16.6594,2.21596e-05,0.000564075,-1.75,4,-1.57,8.74228e-08,3850.77,-7263.56,4.394,1.808,5.55554,0.0135725,8.06281e-05,-0.0317639,-1.56746
271,3872.18,-7263.55,4.394,1.808,16.6594,16.6594,2.21596e-05,0.000573628,-1.75,4,-1.57,8.74228e-08,3850.87,-7263.55,4.394,1.808,5.55554,0.0130812,7.492e-05,-0.0306235,-1.56755
272,3872.45,-7263.55,4.394,1.808,16.6595,16.6595,2.21596e-05,0.000583152,-1.75,4,-1.57,8.74228e-08,3850.96,-7263.55,4.394,1.808,5.55554,0.0126074,6.96141e-05,-0.0295236,-1.56764
273,3872.73,-7263.55,4.394,1.808,16.6595,16.6595,2.21596e-05,0.000592647,-1.75,4,-1.57,8.74228e-08,3851.05,-7263.55,4.394,1.808,5.55554,0.0121507,6.46821e-05,-0.0284627,-1.56773
274,3873.01,-7263.55,4.394,1.808,16.6595,16.6595,2.21596e-05,0.000602112,-1.75,4,-1.57,8.74228e-08,3851.14,-7263.55,4.394,1.808,5.55554,0.0117105,6.00979e-05,-0.0274394,-1.56781
275,3873.29,-7263.55,4.394,1.808,16.6595,16.6595,2.21596e-05,0.000611549,-1.75,4,-1.57,8.74228e-08,3851.24,-7263.55,4.394,1.808,5.55554,0.011286,5.58371e-05,-0.0264524,-1.56789
276,3873.57,-7263.55,4.394,1.808,16.6595,16.6595,2.21596e-05,0.000620956,-1.75,4,-1.57,8.74228e-08,3851.33,-7263.55,4.394,1.808,5.55554,0.0108769,5.1877e-05,-0.0255006,-1.56797
277,3873.84,-7263.55,4.394,1.808,16.6595,16.6595,2.21596e-05,0.000630334,-1.75,4,-1.57,8.74228e-08,3851.42,-7263.55,4.394,1.808,5.55555,0.0104825,4.81966e-05,-0.0245826,-1.56804
278,3874.12,-7263.55,4.394,1.808,16.6595,16.6595,2.21597e-05,0.000639683,-1.75,4,-1.57,8.74228e-08,3851.51,-7263.55,4.394,1.808,5.55555,0.0101023,4.47761e-05,-0.0236972,-1.56811
279,3874.4,-7263.55,4.394,1.808,16.6595,16.6595,2.21597e-05,0.000649002,-1.75,4,-1.57,8.74228e-08,3851.61,-7263.55,4.394,1.808,5.55555,0.00973579,4.15974e-05,-0.0228434,-1.56818
280,3874.68,-7263.55,4.394,1.808,16.6595,16.6595,2.21597e-05,0.000655773,-1.75,4,-1.57,8.74228e-08,3851.7,-7263.55,4.394,1.808,5.55555,0.00938251,3.86434e-05,-0.0220201,-1.56825
281,3874.95,-7263.55,4.394,1.808,16.6595,16.6595,2.21597e-05,0.000662508,-1.75,4,-1.57,8.74228e-08,3851.79,-7263.55,4.394,1.808,5.55555,0.00904198,3.58983e-05,-0.0212261,-1.56831
282,3875.23,-7263.55,4.394,1.808,16.6596,16.6596,2.21597e-05,0.000669208,-1.75,4,-1.57,8.74228e-08,3851.88,-7263.55,4.394,1.808,5.55555,0.00871373,3.33475e-05,-0.0204604,-1.56837
283,3875.51,-7263.55,4.394,1.808,16.6596,16.6596,2.21597e-05,0.000675873,-1.75,4,-1.57,8.74228e-08,3851.98,-7263.55,4.394,1.808,5.55555,0.00839734,3.09772e-05,-0.0197221,-1.56843
284,3875.79,-7263.55,4.394,1.808,16.6596,16.6596,2.21597e-05,0.000682504,-1.75,4,-1.57,8.74228e-08,3852.07,-7263.55,4.394,1.808,5.55555,0.00809237,2.87748e-05,-0.0190101,-1.56849
285,3876.06,-7263.55,4.394,1.808,16.6596,16.6596,2.21598e-05,0.000689099,-1.75,4,-1.57,8.74228e-08,3852.16,-7263.55,4.394,1.808,5.55555,0.00779842,2.67284e-05,-0.0183236,-1.56854
286,3876.34,-7263.55,4.394,1.808,16.6596,16.6596,2.21598e-05,0.000695659,-1.75,4,-1.57,8.74228e-08,3852.25,-7263.55,4.394,1.808,5.55555,0.00751509,2.4827e-05,-0.0176616,-1.56859
287,3876.62,-7263.55,4.394,1.808,16.6596,16.6596,2.21598e-05,0.000702184,-1.75,4,-1.57,8.74228e-08,3852.35,-7263.55,4.394,1.808,5.55555,0.007242,2.30604e-05,-0.0170234,-1.56865
288,3876.9,-7263.55,4.394,1.808,16.6596,16.6596,2.21598e-05,0.000708675,-1.75,4,-1.57,8.74228e-08,3852.44,-7263.55,4.394,1.808,5.55555,0.00697879,2.14191e-05,-0.016408,-1.56869
289,3877.18,-7263.55,4.394,1.808,16.6596,16.6596,2.21598e-05,0.00071513,-1.75,4,-1.57,8.74228e-08,3852.53,-7263.55,4.394,1.808,5.55555,0.00672511,1.98942e-05,-0.0158146,-1.56874
290,3877.45,-7263.55,4.394,1.808,16.6597,16.6597,2.21598e-05,0.00072155,-1.75,4,-1.57,8.74228e-08,3852.62,-7263.55,4.394,1.808,5.55555,0.0064806,1.84775e-05,-0.0152425,-1.56879
291,3877.73,-7263.55,4.394,1.808,16.6597,16.6597,2.21598e-05,0.000727935,-1.75,4,-1.57,8.74228e-08,3852.72,-7263.55,4.394,1.808,5.55555,0.00624494,1.71614e-05,-0.0146909,-1.56883
292,3878.01,-7263.55,4.394,1.808,16.6597,16.6597,2.21599e-05,0.000734286,-1.75,4,-1.57,8.74228e-08,3852.81,-7263.55,4.394,1.808,5.55555,0.00601782,1.59387e-05,-0.0141591,-1.56887
293,3878.29,-7263.55,4.394,1.808,16.6597,16.6597,2.21599e-05,0.000740601,-1.75,4,-1.57,8.74228e-08,3852.9,-7263.55,4.394,1.808,5.55555,0.00579893,1.48029e-05,-0.0136464,-1.56892
294,3878.56,-7263.55,4.394,1.808,16.6597,16.6597,2.21599e-05,0.000746881,-1.75,4,-1.57,8.74228e-08,3852.99,-7263.55,4.394,1.808,5.55555,0.00558796,1.37478e-05,-0.0131522,-1.56895
295,3878.84,-7263.55,4.394,1.808,16.6597,16.6597,2.21599e-05,0.000753126,-1.75,4,-1.57,8.74228e-08,3853.09,-7263.55,4.394,1.808,5.55555,0.00538464,1.27677e-05,-0.0126756,-1.56899
296,3879.12,-7263.55,4.394,1.808,16.6597,16.6597,2.21599e-05,0.000759337,-1.75,4,-1.57,8.74228e-08,3853.18,-7263.55,4.394,1.808,5.55555,0.0051887,1.18573e-05,-0.0122162,-1.56903
297,3879.4,-7263.55,4.394,1.808,16.6597,16.6597,2.21599e-05,0.000762991,-1.75,4,-1.57,8.74228e-08,3853.27,-7263.55,4.394,1.808,5.55555,0.00499985,1.10116e-05,-0.0117734,-1.56906
298,3879.67,-7263.55,4.394,1.808,16.6597,16.6597,2.216e-05,0.000766605,-1.75,4,-1.57,8.74228e-08,3853.37,-7263.55,4.394,1.808,5.55555,0.00481786,1.0226e-05,-0.0113464,-1.5691
299,3879.95,-7263.55,4.394,1.808,16.6598,16.6598,2.216e-05,0.000770179,-1.75,4,-1.57,8.74228e-08,3853.46,-7263.55,4.394,1.808,5.55555,0.00464247,9.49638e-06,-0.0109349,-1.56913
300,3880.23,-7263.55,4.394,1.808,16.6598,16.6598,2.216e-05,0.000773711,-1.75,4,-1.57,8.74228e-08,3853.55,-7263.55,4.394,1.808,5.55555,0.00447345,8.81867e-06,-0.0105381,-1.56916
301,3880.51,-7263.55,4.394,1.808,16.6598,16.6598,2.216e-05,0.000777202,-1.75,4,-1.57,8.74228e-08,3853.64,-7263.55,4.394,1.808,5.55555,0.00431057,8.18921e-06,-0.0101557,-1.56919
302,3880.78,-7263.55,4.394,1.808,16.6598,16.6598,2.216e-05,0.000780653,-1.75,4,-1.57,8.74228e-08,3853.74,-7263.55,4.394,1.808,5.55555,0.00415359,7.60457e-06,-0.00978699,-1.56922
303,3881.06,-7263.55,4.394,1.808,16.6598,16.6598,2.216e-05,0.000784063,-1.75,4,-1.57,8.74228e-08,3853.83,-7263.55,4.394,1.808,5.55555,0.00400232,7.06157e-06,-0.00943161,-1.56925
304,3881.34,-7263.55,4.394,1.808,16.6598,16.6598,2.21601e-05,0.000787432,-1.75,4,-1.57,8.74228e-08,3853.92,-7263.55,4.394,1.808,5.55555,0.00385655,6.55726e-06,-0.00908905,-1.56928
305,3881.62,-7263.55,4.394,1.808,16.6598,16.6598,2.21601e-05,0.00079076,-1.75,4,-1.57,8.74228e-08,3854.01,-7263.55,4.394,1.808,5.55555,0.00371607,6.08888e-06,-0.00875885,-1.5693
306,3881.9,-7263.55,4.394,1.808,16.6599,16.6599,2.21601e-05,0.000794048,-1.75,4,-1.57,8.74228e-08,3854.11,-7263.55,4.394,1.808,5.55555,0.0035807,5.6539e-06,-0.00844057,-1.56933
307,3882.17,-7263.55,4.394,1.808,16.6599,16.6599,2.21601e-05,0.000797294,-1.75,4,-1.57,8.74228e-08,3854.2,-7263.55,4.394,1.808,5.55555,0.00345025,5.24992e-06,-0.00813378,-1.56935
308,3882.45,-7263.55,4.394,1.808,16.6599,16.6599,2.21601e-05,0.0008005,-1.75,4,-1.57,8.74228e-08,3854.29,-7263.55,4.394,1.808,5.55555,0.00332454,4.87475e-06,-0.00783808,-1.56938
309,3882.73,-7263.55,4.394,1.808,16.6599,16.6599,2.21602e-05,0.000803665,-1.75,4,-1.57,8.74228e-08,3854.38,-7263.55,4.394,1.808,5.55555,0.00320341,4.52634e-06,-0.00755306,-1.5694
310,3883.01,-7263.55,4.394,1.808,16.6599,16.6599,2.21602e-05,0.000806788,-1.75,4,-1.57,8.74228e-08,3854.48,-7263.55,4.394,1.808,5.55555,0.00308668,4.20279e-06,-0.00727834,-1.56942
311,3883.28,-7263.55,4.394,1.808,16.6599,16.6599,2.21602e-05,0.000809872,-1.75,4,-1.57,8.74228e-08,3854.57,-7263.55,4.394,1.808,5.55555,0.0029742,3.90233e-06,-0.00701356,-1.56944
312,3883.56,-7263.55,4.394,1.808,16.6599,16.6599,2.21602e-05,0.000812914,-1.75,4,-1.57,8.74228e-08,3854.66,-7263.55,4.394,1.808,5.55555,0.00286582,3.6233e-06,-0.00675836,-1.56946
313,3883.84,-7263.55,4.394,1.808,16.66,16.66,2.21602e-05,0.000815915,-1.75,4,-1.57,8.74228e-08,3854.75,-7263.55,4.394,1.808,5.55555,0.00276138,3.3642e-06,-0.00651239,-1.56948
314,3884.12,-7263.55,4.394,1.808,16.66,16.66,2.21602e-05,0.000818876,-1.75,4,-1.57,8.74228e-08,3854.85,-7263.55,4.394,1.808,5.55555,0.00266074,3.1236e-06,-0.00627532,-1.5695
315,3884.39,-7263.55,4.394,1.808,16.66,16.66,2.21603e-05,0.000821796,-1.75,4,-1.57,8.74228e-08,3854.94,-7263.55,4.394,1.808,5.55555,0.00256377,2.90017e-06,-0.00604684,-1.56952
316,3884.67,-7263.55,4.394,1.808,16.66,16.66,2.21603e-05,0.000824675,-1.75,4,-1.57,8.74228e-08,3855.03,-7263.55,4.394,1.808,5.55555,0.00247033,2.69271e-06,-0.00582663,-1.56954
317,3884.95,-7263.55,4.394,1.808,16.66,16.66,2.21603e-05,0.000827513,-1.75,4,-1.57,8.74228e-08,3855.12,-7263.55,4.394,1.808,5.55555,0.00238029,2.50007e-06,-0.0056144,-1.56955
318,3885.23,-7263.55,4.394,1.808,16.66,16.66,2.21603e-05,0.00083031,-1.75,4,-1.57,8.74228e-08,3855.22,-7263.55,4.394,1.808,5.55555,0.00229353,2.32119e-06,-0.00540986,-1.56957
319,3885.51,-7263.55,4.394,1.808,16.66,16.66,2.21603e-05,0.000833067,-1.75,4,-1.57,8.74228e-08,3855.31,-7263.55,4.394,1.808,5.55556,0.00220994,2.15509e-06,-0.00521274,-1.56959
320,3885.78,-7263.55,4.394,1.808,16.66,16.66,2.21603e-05,0.000835782,-1.75,4,-1.57,8.74228e-08,3855.4,-7263.55,4.394,1.808,5.55556,0.00212939,2.00086e-06,-0.00502276,-1.5696
321,3886.06,-7263.55,4.394,1.808,16.6601,16.6601,2.21604e-05,0.000838457,-1.75,4,-1.57,8.74228e-08,3855.49,-7263.55,4.394,1.808,5.55556,0.00205178,1.85766e-06,-0.00483967,-1.56962
322,3886.34,-7263.55,4.394,1.808,16.6601,16.6601,2.21604e-05,0.000841091,-1.75,4,-1.57,8.74228e-08,3855.59,-7263.55,4.394,1.808,5.55556,0.001977,1.7247e-06,-0.00466323,-1.56963
323,3886.62,-7263.55,4.394,1.808,16.6601,16.6601,2.21604e-05,0.000843684,-1.75,4,-1.57,8.74228e-08,3855.68,-7263.55,4.394,1.808,5.55556,0.00190495,1.60124e-06,-0.00449319,-1.56964
324,3886.89,-7263.55,4.394,1.808,16.6601,16.6601,2.21604e-05,0.000846236,-1.75,4,-1.57,8.74228e-08,3855.77,-7263.55,4.394,1.808,5.55556,0.00183553,1.48662e-06,-0.00432932,-1.56966
